"snapshot","fixture_id","date","kickoff","status","league_id","league","country","home","away","home_id","away_id"
"2026-10-08 02:43:08","1492399","2026-10-08","10/8/2026 12:00:00 AM","FT","71","Serie A","Brazil","Vitoria","Chapecoense-sc","136","132"
"2026-10-08 02:43:08","1494028","2026-10-08","10/8/2026 12:00:00 AM","FT","489","USL League One","USA","Naples","Richmond Kickers","25485","4024"
"2026-10-08 02:43:08","1494029","2026-10-08","10/8/2026 12:00:00 AM","FT","489","USL League One","USA","One Knoxville","Chattanooga Red Wolves","18905","9016"
"2026-10-08 02:43:08","1517309","2026-10-08","10/8/2026 12:00:00 AM","FT","479","Canadian Premier League","Canada","Forge","Pacific FC","3830","2622"
"2026-10-08 02:43:08","1639225","2026-10-08","10/8/2026 12:00:00 AM","FT","617","Copa do Brasil U20","Brazil","Amazonas U20","Santa Cruz AC U20","28375","25442"
"2026-10-08 02:43:08","1642014","2026-10-08","10/8/2026 12:00:00 AM","NS","1203","Piauiense - 2","Brazil","Picos","River AC","13095","2221"
"2026-10-08 02:43:08","1643393","2026-10-08","10/8/2026 12:00:00 AM","FT","930","Copa Uruguay","Uruguay","Plaza Colonia","Juventud","2355","2353"
"2026-10-08 02:43:08","1492391","2026-10-08","10/8/2026 12:30:00 AM","FT","71","Serie A","Brazil","Botafogo","Vasco DA Gama","120","133"
"2026-10-08 02:43:08","1520910","2026-10-08","10/8/2026 12:30:00 AM","FT","72","Serie B","Brazil","America Mineiro","Fortaleza EC","125","154"
"2026-10-08 02:43:08","1520913","2026-10-08","10/8/2026 12:30:00 AM","FT","72","Serie B","Brazil","CRB","Atletico Goianiense","146","144"
"2026-10-08 02:43:08","1520919","2026-10-08","10/8/2026 12:30:00 AM","FT","72","Serie B","Brazil","Vila Nova","Cuiaba","142","1193"
"2026-10-08 02:43:08","1638963","2026-10-08","10/8/2026 1:00:00 AM","2H","396","Primera Division","Nicaragua","UNAN Managua","Real Estelí","4647","4645"
"2026-10-08 02:43:08","1492393","2026-10-08","10/8/2026 1:30:00 AM","2H","71","Serie A","Brazil","Cruzeiro","Sao Paulo","135","126"
"2026-10-08 02:43:08","1494027","2026-10-08","10/8/2026 1:30:00 AM","HT","489","USL League One","USA","Corpus Christi","Fort Wayne","4043","16679"
"2026-10-08 02:43:08","1619711","2026-10-08","10/8/2026 1:30:00 AM","2H","964","Copa de la División Profesional","Bolivia","Guabirá","The Strongest","3704","3711"
"2026-10-08 02:43:08","1619713","2026-10-08","10/8/2026 1:30:00 AM","2H","964","Copa de la División Profesional","Bolivia","Oriente Petrolero","Universitario de Vinto","3707","17762"
"2026-10-08 02:43:08","1644442","2026-10-08","10/8/2026 10:00:00 AM","NS","666","Friendlies Women","World","Montenegro U19 W","Cyprus U19 W","27151","27091"
"2026-10-08 02:43:08","1534867","2026-10-08","10/8/2026 11:00:00 AM","NS","388","1. Division","Kazakhstan","Shakhter Karagandy","Akademiya Ontustik","4566","4545"
"2026-10-08 02:43:08","1534869","2026-10-08","10/8/2026 11:00:00 AM","NS","388","1. Division","Kazakhstan","Yelimay Semey 2","Arys","27635","10414"
"2026-10-08 02:43:08","1611773","2026-10-08","10/8/2026 11:00:00 AM","NS","1065","U19 League","Ukraine","Veres Rivne U19","LNZ Cherkasy U19","23082","23077"
"2026-10-08 02:43:08","1531108","2026-10-08","10/8/2026 11:30:00 AM","NS","1075","Pro League A","Uzbekistan","Respublika FA","Yaypan","27587","27588"
"2026-10-08 02:43:08","1507457","2026-10-08","10/8/2026 12:00:00 PM","NS","1104","Liga 3","Georgia","WIT Georgia","Gonio","3504","18973"
"2026-10-08 02:43:08","1531003","2026-10-08","10/8/2026 12:00:00 PM","NS","1075","Pro League A","Uzbekistan","Kattaqurgon","Metalourg","25887","4214"
"2026-10-08 02:43:08","1534863","2026-10-08","10/8/2026 12:00:00 PM","NS","388","1. Division","Kazakhstan","Aktobe Jas","Tobol 2","4546","27634"
"2026-10-08 02:43:08","1534866","2026-10-08","10/8/2026 12:00:00 PM","NS","388","1. Division","Kazakhstan","Kaspij Aktau 2","Astana II","27633","4548"
"2026-10-08 02:43:08","1600780","2026-10-08","10/8/2026 12:00:00 PM","NS","567","Ligi kuu Bara","Tanzania","Mashujaa","Polisi Tanzania","22176","12199"
"2026-10-08 02:43:08","1640680","2026-10-08","10/8/2026 12:00:00 PM","NS","206","Türkiye Kupası","Turkey","Talasgücü Belediyespor","Kahta 02 Spor","21995","6525"
"2026-10-08 02:43:08","1551232","2026-10-08","10/8/2026 12:30:00 PM","NS","1129","ASEAN Club Championship","World","Home United","Công An Nhân Dân","4204","16400"
"2026-10-08 02:43:08","1605086","2026-10-08","10/8/2026 12:30:00 PM","NS","343","First League","Armenia","Ararat-Armenia II","Andranik","3689","21877"
"2026-10-08 02:43:08","1605088","2026-10-08","10/8/2026 12:30:00 PM","NS","343","First League","Armenia","Lernayin Artsakh","Araks Ararat","6281","25114"
"2026-10-08 02:43:08","1605089","2026-10-08","10/8/2026 12:30:00 PM","NS","343","First League","Armenia","Mika","Sardarapat 2","11174","27992"
"2026-10-08 02:43:08","1630447","2026-10-08","10/8/2026 12:30:00 PM","NS","418","Birinci Dasta","Azerbaijan","Səbail","Karvan","4199","11239"
"2026-10-08 02:43:08","1551231","2026-10-08","10/8/2026 1:00:00 PM","NS","1129","ASEAN Club Championship","World","Johor Darul Takzim FC","Svay Rieng","2523","5396"
"2026-10-08 02:43:08","1551233","2026-10-08","10/8/2026 1:00:00 PM","NS","1129","ASEAN Club Championship","World","Port FC","Persib Bandung","2789","2445"
"2026-10-08 02:43:08","1558531","2026-10-08","10/8/2026 1:00:00 PM","NS","355","First League","Montenegro","Arsenal Tivat","Dečić","3742","3745"
"2026-10-08 02:43:08","1558535","2026-10-08","10/8/2026 1:00:00 PM","NS","355","First League","Montenegro","Otrant-Olympic","Mladost DG","3751","16749"
"2026-10-08 02:43:08","1636780","2026-10-08","10/8/2026 1:00:00 PM","NS","1031","Premier League","Bhutan","Thimphu City","Paro","5592","9426"
"2026-10-08 02:43:08","1642032","2026-10-08","10/8/2026 1:00:00 PM","NS","390","Premier League","Lebanon","Al Akhaa Al Ahli","Al Nejmeh","4568","4570"
"2026-10-08 02:43:08","1642033","2026-10-08","10/8/2026 1:00:00 PM","NS","390","Premier League","Lebanon","Shabab Al Sahel","Tadamon Sour","4576","4577"
"2026-10-08 02:43:08","1633901","2026-10-08","10/8/2026 1:15:00 PM","NS","340","V.League 1","Vietnam","Viettel","Hồng Lĩnh Hà Tĩnh","3681","11134"
"2026-10-08 02:43:08","1594859","2026-10-08","10/8/2026 1:30:00 PM","NS","887","Second League","Egypt","AL Nasr SC","Proxy","2617","20461"
"2026-10-08 02:43:08","1594860","2026-10-08","10/8/2026 1:30:00 PM","NS","887","Second League","Egypt","Haras El Hodood","El Seka El Hadid","1576","18031"
"2026-10-08 02:43:08","1594861","2026-10-08","10/8/2026 1:30:00 PM","NS","887","Second League","Egypt","Masar","El Dakhleya","25468","1032"
"2026-10-08 02:43:08","1594862","2026-10-08","10/8/2026 1:30:00 PM","NS","887","Second League","Egypt","Tersana","Kahraba Ismailia","15739","20458"
"2026-10-08 02:43:08","1595145","2026-10-08","10/8/2026 1:30:00 PM","NS","887","Second League","Egypt","Mega Sport","Dayrout","28011","18022"
"2026-10-08 02:43:08","1639644","2026-10-08","10/8/2026 1:30:00 PM","NS","290","Persian Gulf Pro League","Iran","Aluminium Arak","Malavan","2703","2717"
"2026-10-08 02:43:08","1639645","2026-10-08","10/8/2026 1:30:00 PM","NS","290","Persian Gulf Pro League","Iran","Nassaji Mazandaran","ZOB Ahan","2719","2738"
"2026-10-08 02:43:08","1643240","2026-10-08","10/8/2026 1:30:00 PM","NS","666","Friendlies Women","World","India W","Russia W","16931","1776"
"2026-10-08 02:43:08","1644447","2026-10-08","10/8/2026 1:45:00 PM","NS","1201","IFA Shield","India","ATK Mohun Bagan","East Bengal II","15516","21137"
"2026-10-08 02:43:08","1531002","2026-10-08","10/8/2026 2:00:00 PM","NS","1075","Pro League A","Uzbekistan","Aral","Qiziriq","18785","23394"
"2026-10-08 02:43:08","1531107","2026-10-08","10/8/2026 2:00:00 PM","NS","1075","Pro League A","Uzbekistan","Gazalkent","Pakhtakor II","27585","27586"
"2026-10-08 02:43:08","1605096","2026-10-08","10/8/2026 2:00:00 PM","NS","343","First League","Armenia","Hayq","Pyunik II","26197","3696"
"2026-10-08 02:43:08","1635269","2026-10-08","10/8/2026 2:00:00 PM","NS","585","Premier League","Uganda","Blacks Power","Vipers","20297","8114"
"2026-10-08 02:43:08","1639324","2026-10-08","10/8/2026 2:00:00 PM","NS","823","Nasjonal U19 Champions League","Norway","Rosenborg U19","Lillestrøm U19","16395","16559"
"2026-10-08 02:43:08","1642035","2026-10-08","10/8/2026 2:00:00 PM","NS","390","Premier League","Lebanon","Al Ansar","Al Hikma","4569","11879"
"2026-10-08 02:43:08","1644392","2026-10-08","10/8/2026 2:00:00 PM","NS","401","Premier Soccer League","Zimbabwe","Ngezi Platinum","Highlanders","5229","5224"
"2026-10-08 02:43:08","1644610","2026-10-08","10/8/2026 2:00:00 PM","NS","569","Premier League","Kyrgyzstan","Alga","Asiagoal","12235","25764"
"2026-10-08 02:43:08","1644611","2026-10-08","10/8/2026 2:00:00 PM","NS","569","Premier League","Kyrgyzstan","Ilbirs","Bars","12236","25765"
"2026-10-08 02:43:08","1644612","2026-10-08","10/8/2026 2:00:00 PM","NS","569","Premier League","Kyrgyzstan","Neftchi","Muras United","12240","21167"
"2026-10-08 02:43:08","1644613","2026-10-08","10/8/2026 2:00:00 PM","NS","569","Premier League","Kyrgyzstan","Ozgon","Dordoi Bishkek","25767","8026"
"2026-10-08 02:43:08","1639238","2026-10-08","10/8/2026 2:10:00 PM","NS","302","League Cup","United-Arab-Emirates","Al Ain","Al-Ittihad Kalba","2865","2876"
"2026-10-08 02:43:08","1639239","2026-10-08","10/8/2026 2:10:00 PM","NS","302","League Cup","United-Arab-Emirates","Shabab Al Ahli Dubai","Dubai United","2870","22321"
"2026-10-08 02:43:08","1600781","2026-10-08","10/8/2026 2:15:00 PM","NS","567","Ligi kuu Bara","Tanzania","Pamba Jiji","Geita Gold","24707","17752"
"2026-10-08 02:43:08","1639650","2026-10-08","10/8/2026 2:15:00 PM","NS","290","Persian Gulf Pro League","Iran","Gol Gohar","Esteghlal Khuzestan","2714","2739"
"2026-10-08 02:43:08","1639646","2026-10-08","10/8/2026 2:30:00 PM","NS","290","Persian Gulf Pro League","Iran","Tractor Sazi","Esteghlal FC","2737","2733"
"2026-10-08 02:43:08","1640292","2026-10-08","10/8/2026 3:00:00 PM","NS","895","League Cup","Egypt","Al Ittihad","Wadi Degla","1572","1046"
"2026-10-08 02:43:08","1640293","2026-10-08","10/8/2026 3:00:00 PM","NS","895","League Cup","Egypt","El Mokawloon","El Gouna FC","1575","1574"
"2026-10-08 02:43:08","1640679","2026-10-08","10/8/2026 3:00:00 PM","NS","206","Türkiye Kupası","Turkey","Denizli İYG","Serik Spor","26470","7421"
"2026-10-08 02:43:08","1643948","2026-10-08","10/8/2026 3:00:00 PM","NS","187","Ligue 2","Algeria","RC Kouba","Usm El Harrach","935","919"
"2026-10-08 02:43:08","1605092","2026-10-08","10/8/2026 3:30:00 PM","NS","343","First League","Armenia","Banants II","Bentonit Ijevan","3690","24965"
"2026-10-08 02:43:08","1597937","2026-10-08","10/8/2026 3:45:00 PM","NS","305","Stars League","Qatar","Al Shamal","Al-Duhail SC","2916","2904"
"2026-10-08 02:43:08","1644615","2026-10-08","10/8/2026 3:50:00 PM","NS","331","Division 1","Kuwait","Shamiya","Ittihad Al-Shorta","26629","28487"
"2026-10-08 02:43:08","1644616","2026-10-08","10/8/2026 3:50:00 PM","NS","331","Division 1","Kuwait","Burgan","Al Jazira","3544","26631"
"2026-10-08 02:43:08","1644617","2026-10-08","10/8/2026 3:50:00 PM","NS","331","Division 1","Kuwait","Sporty","Khaitan","26630","3545"
"2026-10-08 02:43:08","1602506","2026-10-08","10/8/2026 4:00:00 PM","NS","284","Liga II","Romania","FC Politehnica Timisoara","CSA Steaua Bucureşti","2606","7466"
"2026-10-08 02:43:08","1621353","2026-10-08","10/8/2026 4:00:00 PM","NS","496","Liga Alef","Israel","Hapoel Ironi Karmiel","Hapoel Tirat HaCarmel","20101","6169"
"2026-10-08 02:43:08","1621633","2026-10-08","10/8/2026 4:00:00 PM","NS","496","Liga Alef","Israel","Hapoel Ramat HaSharon","Hapoel Azor","4490","6146"
"2026-10-08 02:43:08","1627995","2026-10-08","10/8/2026 4:00:00 PM","NS","542","Iraqi League","Iraq","Duhok","Al Zawra'a","20463","8010"
"2026-10-08 02:43:08","1638102","2026-10-08","10/8/2026 4:00:00 PM","NS","244","Veikkausliiga","Finland","HJK Helsinki","VPS","649","650"
"2026-10-08 02:43:08","1643356","2026-10-08","10/8/2026 4:00:00 PM","NS","387","League","Jordan","Shabab Al Ordon","Al Buqa'a","4539","4530"
"2026-10-08 02:43:08","1639647","2026-10-08","10/8/2026 4:15:00 PM","NS","290","Persian Gulf Pro League","Iran","Sepahan FC","Fajr Sepasi","2744","2713"
"2026-10-08 02:43:08","1600782","2026-10-08","10/8/2026 4:30:00 PM","NS","567","Ligi kuu Bara","Tanzania","Namungo","Tabora United","12197","22175"
"2026-10-08 02:43:08","1639648","2026-10-08","10/8/2026 4:30:00 PM","NS","290","Persian Gulf Pro League","Iran","Foolad FC","Mes Shahr-e Babak","2734","10388"
"2026-10-08 02:43:08","1627997","2026-10-08","10/8/2026 4:45:00 PM","NS","542","Iraqi League","Iraq","Naft Maysan","Erbil","11074","11070"
"2026-10-08 02:43:08","1639240","2026-10-08","10/8/2026 4:45:00 PM","NS","302","League Cup","United-Arab-Emirates","Khorfakkan","Al-Wasl FC","4912","2872"
"2026-10-08 02:43:08","1639243","2026-10-08","10/8/2026 4:45:00 PM","NS","302","League Cup","United-Arab-Emirates","Al Nasr","Hatta SC","10155","2869"
"2026-10-08 02:43:08","1558532","2026-10-08","10/8/2026 5:00:00 PM","NS","355","First League","Montenegro","Bokelj","Petrovac","3744","3741"
"2026-10-08 02:43:08","1558534","2026-10-08","10/8/2026 5:00:00 PM","NS","355","First League","Montenegro","Mornar","Jezero","3740","3748"
"2026-10-08 02:43:08","1621631","2026-10-08","10/8/2026 5:00:00 PM","NS","496","Liga Alef","Israel","Hapoel Marmorek","Maccabi Ashdod","4498","6184"
"2026-10-08 02:43:08","1635274","2026-10-08","10/8/2026 5:00:00 PM","NS","585","Premier League","Uganda","NEC","Express","22699","12452"
"2026-10-08 02:43:08","1638103","2026-10-08","10/8/2026 5:00:00 PM","NS","244","Veikkausliiga","Finland","KuPS","AC Oulu","1165","2077"
"2026-10-08 02:43:08","1644202","2026-10-08","10/8/2026 5:00:00 PM","NS","200","Botola Pro","Morocco","UTS Rabat","Renaissance Berkane","14806","962"
"2026-10-08 02:43:08","1621354","2026-10-08","10/8/2026 5:30:00 PM","NS","496","Liga Alef","Israel","Hapoel Migdal HaEmek","Tzeirey Tamra","6164","20110"
"2026-10-08 02:43:08","1636782","2026-10-08","10/8/2026 5:30:00 PM","NS","737","Svenska Cupen - Women","Sweden","Alingsås W","Elfsborg W","16001","21693"
"2026-10-08 02:43:08","1621636","2026-10-08","10/8/2026 5:40:00 PM","NS","496","Liga Alef","Israel","Holon Yermiyahu","Nordia Jerusalem","6171","6201"
"2026-10-08 02:43:08","1597935","2026-10-08","10/8/2026 6:00:00 PM","NS","305","Stars League","Qatar","Al Wakrah","Al-Gharafa","2900","2903"
"2026-10-08 02:43:08","1604012","2026-10-08","10/8/2026 6:00:00 PM","NS","308","Division 1","Saudi-Arabia","Al Okhdood","Al Ula","2977","26357"
"2026-10-08 02:43:08","1611409","2026-10-08","10/8/2026 6:00:00 PM","NS","186","Ligue 1","Algeria","MB Rouisset","USM Alger","10777","910"
"2026-10-08 02:43:08","1611410","2026-10-08","10/8/2026 6:00:00 PM","NS","186","Ligue 1","Algeria","JS Saoura","Olympique Akbou","914","10780"
"2026-10-08 02:43:08","1621358","2026-10-08","10/8/2026 6:00:00 PM","NS","496","Liga Alef","Israel","Tira","Ironi Nesher","6210","4502"
"2026-10-08 02:43:08","1632439","2026-10-08","10/8/2026 6:00:00 PM","NS","243","Liga Pro Serie B","Ecuador","Ind. Juniors","9 de Octubre","2238","10111"
"2026-10-08 02:43:08","1636784","2026-10-08","10/8/2026 6:00:00 PM","NS","737","Svenska Cupen - Women","Sweden","Enskede W","Brommapojkarna W","16030","16004"
"2026-10-08 02:43:08","1640294","2026-10-08","10/8/2026 6:00:00 PM","NS","895","League Cup","Egypt","Ghazl El Mehalla","Abu Qair Semad","13819","15731"
"2026-10-08 02:43:08","1640295","2026-10-08","10/8/2026 6:00:00 PM","NS","895","League Cup","Egypt","Future FC","National Bank of Egypt","16431","15570"
"2026-10-08 02:43:08","1640697","2026-10-08","10/8/2026 6:00:00 PM","NS","206","Türkiye Kupası","Turkey","Orduspor 1967","Karadeniz Ereğli BSK","17261","13369"
"2026-10-08 02:43:08","1621630","2026-10-08","10/8/2026 6:15:00 PM","NS","496","Liga Alef","Israel","Hapoel Herzliya","Hapoel Mahane Yehuda","6153","6163"
"2026-10-08 02:43:08","1510697","2026-10-08","10/8/2026 6:30:00 PM","NS","592","Division 2 - Norra Götaland","Sweden","Vänersborgs FK","Kumla","12577","12598"
"2026-10-08 02:43:08","1565207","2026-10-08","10/8/2026 6:30:00 PM","NS","283","Liga I","Romania","CFR 1907 Cluj","Universitatea Cluj","2246","2599"
"2026-10-08 02:43:08","1621355","2026-10-08","10/8/2026 6:30:00 PM","NS","496","Liga Alef","Israel","Ironi Baka El Garbiya","Hapoel Nazareth Illit","6175","4487"
"2026-10-08 02:43:08","1627994","2026-10-08","10/8/2026 6:30:00 PM","NS","542","Iraqi League","Iraq","Al Talaba","Al Shorta","11067","5242"
"2026-10-08 02:43:08","1617033","2026-10-08","10/8/2026 6:45:00 PM","NS","453","Tercera División RFEF - Group 15","Spain","Beti Kozkor","Beti Onak","9844","9845"
"2026-10-08 02:43:08","1549506","2026-10-08","10/8/2026 7:00:00 PM","NS","281","Primera División","Peru","UCV Moquegua","Cienciano","22489","2562"
"2026-10-08 02:43:08","1600783","2026-10-08","10/8/2026 7:00:00 PM","NS","567","Ligi kuu Bara","Tanzania","Coastal Union","Azam","12189","8057"
"2026-10-08 02:43:08","1610860","2026-10-08","10/8/2026 7:00:00 PM","NS","1037","Paraibano 2","Brazil","Picuiense","Sport PB","22364","12910"
"2026-10-08 02:43:08","1610862","2026-10-08","10/8/2026 7:00:00 PM","NS","1037","Paraibano 2","Brazil","Spartax","Cruzeiro PB","22366","24599"
"2026-10-08 02:43:08","1612075","2026-10-08","10/8/2026 7:00:00 PM","NS","906","Reserve League","Argentina","Atlético Tucumán Res.","Talleres Córdoba Res.","18678","18699"
"2026-10-08 02:43:08","1612076","2026-10-08","10/8/2026 7:00:00 PM","NS","906","Reserve League","Argentina","Belgrano Córdoba Res.","San Martín San Juan Res.","20817","25592"
"2026-10-08 02:43:08","1612084","2026-10-08","10/8/2026 7:00:00 PM","NS","906","Reserve League","Argentina","Godoy Cruz Res.","Barracas Central Res.","18687","18680"
"2026-10-08 02:43:08","1612086","2026-10-08","10/8/2026 7:00:00 PM","NS","906","Reserve League","Argentina","Lanús Res.","Central Córdoba SdE Res.","18690","18682"
"2026-10-08 02:43:08","1612089","2026-10-08","10/8/2026 7:00:00 PM","NS","906","Reserve League","Argentina","Sarmiento Res.","Vélez Sársfield Res.","18698","18702"
"2026-10-08 02:43:08","1617037","2026-10-08","10/8/2026 7:00:00 PM","NS","453","Tercera División RFEF - Group 15","Spain","Txantrea","Cortes","9857","9849"
"2026-10-08 02:43:08","1617344","2026-10-08","10/8/2026 7:00:00 PM","NS","454","Tercera División RFEF - Group 16","Spain","River Ebro","Pradejón","9871","9870"
"2026-10-08 02:43:08","1639227","2026-10-08","10/8/2026 7:00:00 PM","NS","617","Copa do Brasil U20","Brazil","Atlético Mineiro U20","Athletic Club MG U20","12952","23643"
"2026-10-08 02:43:08","1639231","2026-10-08","10/8/2026 7:00:00 PM","NS","617","Copa do Brasil U20","Brazil","Cruzeiro U20","Goiás U20","13000","12961"
"2026-10-08 02:43:08","1639232","2026-10-08","10/8/2026 7:00:00 PM","NS","617","Copa do Brasil U20","Brazil","CSA U20","Santa Cruz AC U20","12990","25442"
"2026-10-08 02:43:08","1639233","2026-10-08","10/8/2026 7:00:00 PM","NS","617","Copa do Brasil U20","Brazil","Grêmio U20","Operário PR U20","13011","13036"
"2026-10-08 02:43:08","1644203","2026-10-08","10/8/2026 7:00:00 PM","NS","200","Botola Pro","Morocco","FAR Rabat","Widad Témara","969","3458"
"2026-10-08 02:43:08","1644204","2026-10-08","10/8/2026 7:00:00 PM","NS","200","Botola Pro","Morocco","CR Khemis Zemamra","Hassania Agadir","3449","973"
"2026-10-08 02:43:08","1642034","2026-10-08","10/8/2026 7:45:00 PM","NS","390","Premier League","Lebanon","Safa","Reyady Abaseya","4573","22812"
"2026-10-08 02:43:08","1492780","2026-10-08","10/8/2026 8:00:00 PM","NS","357","Premier Division","Ireland","Shamrock Rovers","Drogheda United","652","3850"
"2026-10-08 02:43:08","1611408","2026-10-08","10/8/2026 8:00:00 PM","NS","186","Ligue 1","Algeria","MC Oran","ES Setif","907","905"
"2026-10-08 02:43:08","1619714","2026-10-08","10/8/2026 8:00:00 PM","NS","964","Copa de la División Profesional","Bolivia","Always Ready","Nacional Potosí","3700","3706"
"2026-10-08 02:43:08","1632438","2026-10-08","10/8/2026 8:15:00 PM","NS","243","Liga Pro Serie B","Ecuador","Atletico FC","San Antonio","27548","23310"
"2026-10-08 02:43:08","1640550","2026-10-08","10/8/2026 8:30:00 PM","NS","617","Copa do Brasil U20","Brazil","Flamengo U20","Vasco da Gama U20","11054","12979"
"2026-10-08 02:43:08","1640278","2026-10-08","10/8/2026 9:00:00 PM","NS","282","Segunda División","Peru","Bentín Tacna Heroica","Carlos A. Mannucci","22462","2551"
"2026-10-08 02:43:08","1644205","2026-10-08","10/8/2026 9:00:00 PM","NS","200","Botola Pro","Morocco","Maghreb Fès","Raja Casablanca","3453","976"
"2026-10-08 02:43:08","1549505","2026-10-08","10/8/2026 9:30:00 PM","NS","281","Primera División","Peru","Atletico Grau","Club Deportivo Los Chankas","2564","2572"
"2026-10-08 02:43:08","1549595","2026-10-08","10/8/2026 9:30:00 PM","NS","240","Primera B","Colombia","Depor FC","Real Cartagena","1468","1459"
"2026-10-08 02:43:08","1549599","2026-10-08","10/8/2026 9:30:00 PM","NS","240","Primera B","Colombia","Ind. Yumbo","Tigres FC","27411","1145"
"2026-10-08 02:43:08","1636705","2026-10-08","10/8/2026 9:30:00 PM","NS","243","Liga Pro Serie B","Ecuador","Santo Domingo","LDU Portoviejo","19414","1988"
"2026-10-08 02:43:08","1640287","2026-10-08","10/8/2026 9:30:00 PM","NS","617","Copa do Brasil U20","Brazil","São Paulo U20","Athletico PR U20","12973","12984"
"2026-10-08 02:43:08","1644709","2026-10-08","10/8/2026 9:30:00 PM","NS","322","Premier League","Jamaica","Portmore United","Waterhouse","3443","3447"
"2026-10-08 02:43:08","1612077","2026-10-08","10/8/2026 11:00:00 PM","NS","906","Reserve League","Argentina","Boca Juniors Res.","Colón Res.","18681","18683"
"2026-10-08 02:43:08","1492398","2026-10-08","10/8/2026 11:30:00 PM","NS","71","Serie A","Brazil","Santos","Flamengo","128","127"
"2026-10-08 02:43:08","1520912","2026-10-08","10/8/2026 11:30:00 PM","NS","72","Serie B","Brazil","Ceara","Criciuma","129","140"
"2026-10-08 02:43:08","1520915","2026-10-08","10/8/2026 11:30:00 PM","NS","72","Serie B","Brazil","Nautico Recife","Novorizontino","755","7834"
"2026-10-08 02:43:08","1600599","2026-10-08","10/8/2026 11:30:00 PM","NS","370","Primera Division","El-Salvador","FAS","Alianza","4302","4299"
"2026-10-08 02:43:08","1610858","2026-10-08","10/8/2026 11:30:00 PM","NS","1037","Paraibano 2","Brazil","Guarabira","Auto Esporte","22363","18306"
